<?xml version="1.0" encoding="utf-8"?>
<annotations>
  <version>1.1</version>
  <meta>
    <task>
      <id>15</id>
      <name>FiftyOne_open-images-v6-validation-200_segmentation</name>
      <size>5</size>
      <mode>annotation</mode>
      <overlap>0</overlap>
      <bugtracker></bugtracker>
      <created>2021-10-17 04:27:56.478973+00:00</created>
      <updated>2021-10-17 04:28:23.867377+00:00</updated>
      <subset>default</subset>
      <start_frame>0</start_frame>
      <stop_frame>4</stop_frame>
      <frame_filter></frame_filter>
      <segments>
        <segment>
          <id>8</id>
          <start>0</start>
          <stop>4</stop>
          <url>http://localhost:8080/?id=8</url>
        </segment>
      </segments>
      <owner>
        <username>doandang</username>
        <email>doan0770@gmail.com</email>
      </owner>
      <assignee></assignee>
      <labels>
        <label>
          <name>1</name>
          <color>#e4af6e</color>
          <attributes>
          </attributes>
        </label>
        <label>
          <name>2</name>
          <color>#fbfebd</color>
          <attributes>
          </attributes>
        </label>
        <label>
          <name>3</name>
          <color>#17b306</color>
          <attributes>
          </attributes>
        </label>
        <label>
          <name>4</name>
          <color>#e0a8d7</color>
          <attributes>
          </attributes>
        </label>
        <label>
          <name>5</name>
          <color>#f3c1e2</color>
          <attributes>
          </attributes>
        </label>
        <label>
          <name>6</name>
          <color>#d278fb</color>
          <attributes>
          </attributes>
        </label>
        <label>
          <name>7</name>
          <color>#ed458d</color>
          <attributes>
          </attributes>
        </label>
        <label>
          <name>8</name>
          <color>#c274ea</color>
          <attributes>
          </attributes>
        </label>
        <label>
          <name>9</name>
          <color>#5ecc5c</color>
          <attributes>
          </attributes>
        </label>
        <label>
          <name>10</name>
          <color>#e8abb5</color>
          <attributes>
          </attributes>
        </label>
        <label>
          <name>11</name>
          <color>#40ac87</color>
          <attributes>
          </attributes>
        </label>
        <label>
          <name>12</name>
          <color>#605afd</color>
          <attributes>
          </attributes>
        </label>
        <label>
          <name>13</name>
          <color>#06096c</color>
          <attributes>
          </attributes>
        </label>
        <label>
          <name>14</name>
          <color>#91b02b</color>
          <attributes>
          </attributes>
        </label>
        <label>
          <name>15</name>
          <color>#920e61</color>
          <attributes>
          </attributes>
        </label>
        <label>
          <name>16</name>
          <color>#3839dd</color>
          <attributes>
          </attributes>
        </label>
        <label>
          <name>17</name>
          <color>#454a5b</color>
          <attributes>
          </attributes>
        </label>
        <label>
          <name>18</name>
          <color>#000327</color>
          <attributes>
          </attributes>
        </label>
        <label>
          <name>19</name>
          <color>#576582</color>
          <attributes>
          </attributes>
        </label>
        <label>
          <name>20</name>
          <color>#dc831b</color>
          <attributes>
          </attributes>
        </label>
        <label>
          <name>21</name>
          <color>#749146</color>
          <attributes>
          </attributes>
        </label>
        <label>
          <name>22</name>
          <color>#07cbf9</color>
          <attributes>
          </attributes>
        </label>
        <label>
          <name>23</name>
          <color>#06441e</color>
          <attributes>
          </attributes>
        </label>
        <label>
          <name>24</name>
          <color>#6727d2</color>
          <attributes>
          </attributes>
        </label>
        <label>
          <name>25</name>
          <color>#847bf3</color>
          <attributes>
          </attributes>
        </label>
        <label>
          <name>26</name>
          <color>#a8430f</color>
          <attributes>
          </attributes>
        </label>
        <label>
          <name>27</name>
          <color>#6b177c</color>
          <attributes>
          </attributes>
        </label>
        <label>
          <name>28</name>
          <color>#cafc73</color>
          <attributes>
          </attributes>
        </label>
        <label>
          <name>29</name>
          <color>#098f07</color>
          <attributes>
          </attributes>
        </label>
        <label>
          <name>30</name>
          <color>#9ac862</color>
          <attributes>
          </attributes>
        </label>
        <label>
          <name>31</name>
          <color>#039953</color>
          <attributes>
          </attributes>
        </label>
        <label>
          <name>32</name>
          <color>#d62df4</color>
          <attributes>
          </attributes>
        </label>
        <label>
          <name>33</name>
          <color>#b72c17</color>
          <attributes>
          </attributes>
        </label>
        <label>
          <name>34</name>
          <color>#6a0344</color>
          <attributes>
          </attributes>
        </label>
        <label>
          <name>35</name>
          <color>#488cbe</color>
          <attributes>
          </attributes>
        </label>
        <label>
          <name>36</name>
          <color>#adb8ee</color>
          <attributes>
          </attributes>
        </label>
        <label>
          <name>37</name>
          <color>#e246ab</color>
          <attributes>
          </attributes>
        </label>
        <label>
          <name>38</name>
          <color>#ddb613</color>
          <attributes>
          </attributes>
        </label>
        <label>
          <name>39</name>
          <color>#f1a291</color>
          <attributes>
          </attributes>
        </label>
        <label>
          <name>40</name>
          <color>#e00a6a</color>
          <attributes>
          </attributes>
        </label>
        <label>
          <name>41</name>
          <color>#150caa</color>
          <attributes>
          </attributes>
        </label>
        <label>
          <name>42</name>
          <color>#2a98cf</color>
          <attributes>
          </attributes>
        </label>
        <label>
          <name>43</name>
          <color>#6e7c31</color>
          <attributes>
          </attributes>
        </label>
        <label>
          <name>44</name>
          <color>#6ad2df</color>
          <attributes>
          </attributes>
        </label>
        <label>
          <name>45</name>
          <color>#f0e4c4</color>
          <attributes>
          </attributes>
        </label>
        <label>
          <name>46</name>
          <color>#4073c2</color>
          <attributes>
          </attributes>
        </label>
        <label>
          <name>47</name>
          <color>#98edbd</color>
          <attributes>
          </attributes>
        </label>
        <label>
          <name>48</name>
          <color>#5376ae</color>
          <attributes>
          </attributes>
        </label>
        <label>
          <name>49</name>
          <color>#47949b</color>
          <attributes>
          </attributes>
        </label>
        <label>
          <name>50</name>
          <color>#00c1ef</color>
          <attributes>
          </attributes>
        </label>
        <label>
          <name>51</name>
          <color>#9dc05c</color>
          <attributes>
          </attributes>
        </label>
        <label>
          <name>52</name>
          <color>#a3a0d3</color>
          <attributes>
          </attributes>
        </label>
        <label>
          <name>53</name>
          <color>#99f659</color>
          <attributes>
          </attributes>
        </label>
        <label>
          <name>54</name>
          <color>#614829</color>
          <attributes>
          </attributes>
        </label>
        <label>
          <name>55</name>
          <color>#4dcebb</color>
          <attributes>
          </attributes>
        </label>
        <label>
          <name>56</name>
          <color>#af8ed8</color>
          <attributes>
          </attributes>
        </label>
        <label>
          <name>57</name>
          <color>#ebf72b</color>
          <attributes>
          </attributes>
        </label>
        <label>
          <name>58</name>
          <color>#7e8911</color>
          <attributes>
          </attributes>
        </label>
        <label>
          <name>59</name>
          <color>#811958</color>
          <attributes>
          </attributes>
        </label>
        <label>
          <name>60</name>
          <color>#e2bef6</color>
          <attributes>
          </attributes>
        </label>
        <label>
          <name>61</name>
          <color>#1661c6</color>
          <attributes>
          </attributes>
        </label>
        <label>
          <name>62</name>
          <color>#82c3eb</color>
          <attributes>
          </attributes>
        </label>
        <label>
          <name>63</name>
          <color>#ae7047</color>
          <attributes>
          </attributes>
        </label>
        <label>
          <name>64</name>
          <color>#33cf80</color>
          <attributes>
          </attributes>
        </label>
        <label>
          <name>65</name>
          <color>#d97442</color>
          <attributes>
          </attributes>
        </label>
        <label>
          <name>66</name>
          <color>#1f7f66</color>
          <attributes>
          </attributes>
        </label>
        <label>
          <name>67</name>
          <color>#d1c51f</color>
          <attributes>
          </attributes>
        </label>
        <label>
          <name>68</name>
          <color>#303444</color>
          <attributes>
          </attributes>
        </label>
        <label>
          <name>69</name>
          <color>#a81f25</color>
          <attributes>
          </attributes>
        </label>
        <label>
          <name>70</name>
          <color>#5518d6</color>
          <attributes>
          </attributes>
        </label>
        <label>
          <name>71</name>
          <color>#89bb2d</color>
          <attributes>
          </attributes>
        </label>
        <label>
          <name>72</name>
          <color>#88c593</color>
          <attributes>
          </attributes>
        </label>
        <label>
          <name>73</name>
          <color>#a65af3</color>
          <attributes>
          </attributes>
        </label>
        <label>
          <name>74</name>
          <color>#5bb985</color>
          <attributes>
          </attributes>
        </label>
        <label>
          <name>75</name>
          <color>#57366a</color>
          <attributes>
          </attributes>
        </label>
        <label>
          <name>76</name>
          <color>#1253f6</color>
          <attributes>
          </attributes>
        </label>
        <label>
          <name>77</name>
          <color>#30ef41</color>
          <attributes>
          </attributes>
        </label>
        <label>
          <name>78</name>
          <color>#d5653b</color>
          <attributes>
          </attributes>
        </label>
        <label>
          <name>79</name>
          <color>#4e2aa3</color>
          <attributes>
          </attributes>
        </label>
        <label>
          <name>80</name>
          <color>#f89f7c</color>
          <attributes>
          </attributes>
        </label>
        <label>
          <name>81</name>
          <color>#3f4b85</color>
          <attributes>
          </attributes>
        </label>
        <label>
          <name>82</name>
          <color>#3e0eef</color>
          <attributes>
          </attributes>
        </label>
        <label>
          <name>83</name>
          <color>#55b25d</color>
          <attributes>
          </attributes>
        </label>
        <label>
          <name>84</name>
          <color>#a3def1</color>
          <attributes>
          </attributes>
        </label>
        <label>
          <name>85</name>
          <color>#fed964</color>
          <attributes>
          </attributes>
        </label>
        <label>
          <name>86</name>
          <color>#772ece</color>
          <attributes>
          </attributes>
        </label>
        <label>
          <name>87</name>
          <color>#2a4183</color>
          <attributes>
          </attributes>
        </label>
        <label>
          <name>88</name>
          <color>#0685b7</color>
          <attributes>
          </attributes>
        </label>
        <label>
          <name>89</name>
          <color>#fdb6da</color>
          <attributes>
          </attributes>
        </label>
        <label>
          <name>90</name>
          <color>#7200e4</color>
          <attributes>
          </attributes>
        </label>
        <label>
          <name>91</name>
          <color>#626458</color>
          <attributes>
          </attributes>
        </label>
        <label>
          <name>92</name>
          <color>#45f05c</color>
          <attributes>
          </attributes>
        </label>
        <label>
          <name>93</name>
          <color>#f823c7</color>
          <attributes>
          </attributes>
        </label>
        <label>
          <name>94</name>
          <color>#ee994e</color>
          <attributes>
          </attributes>
        </label>
        <label>
          <name>95</name>
          <color>#71d82e</color>
          <attributes>
          </attributes>
        </label>
        <label>
          <name>96</name>
          <color>#74017d</color>
          <attributes>
          </attributes>
        </label>
        <label>
          <name>97</name>
          <color>#e3ad20</color>
          <attributes>
          </attributes>
        </label>
        <label>
          <name>98</name>
          <color>#5344e7</color>
          <attributes>
          </attributes>
        </label>
        <label>
          <name>99</name>
          <color>#02d5d4</color>
          <attributes>
          </attributes>
        </label>
        <label>
          <name>100</name>
          <color>#9d1b4b</color>
          <attributes>
          </attributes>
        </label>
        <label>
          <name>101</name>
          <color>#097dbd</color>
          <attributes>
          </attributes>
        </label>
        <label>
          <name>102</name>
          <color>#7b5e09</color>
          <attributes>
          </attributes>
        </label>
        <label>
          <name>103</name>
          <color>#a8d63e</color>
          <attributes>
          </attributes>
        </label>
        <label>
          <name>104</name>
          <color>#989972</color>
          <attributes>
          </attributes>
        </label>
        <label>
          <name>105</name>
          <color>#454412</color>
          <attributes>
          </attributes>
        </label>
        <label>
          <name>106</name>
          <color>#d9de6e</color>
          <attributes>
          </attributes>
        </label>
        <label>
          <name>107</name>
          <color>#4a6fe1</color>
          <attributes>
          </attributes>
        </label>
        <label>
          <name>108</name>
          <color>#705ee5</color>
          <attributes>
          </attributes>
        </label>
        <label>
          <name>109</name>
          <color>#0e9418</color>
          <attributes>
          </attributes>
        </label>
        <label>
          <name>110</name>
          <color>#c9013e</color>
          <attributes>
          </attributes>
        </label>
        <label>
          <name>111</name>
          <color>#89a242</color>
          <attributes>
          </attributes>
        </label>
        <label>
          <name>112</name>
          <color>#0314bd</color>
          <attributes>
          </attributes>
        </label>
        <label>
          <name>113</name>
          <color>#213852</color>
          <attributes>
          </attributes>
        </label>
        <label>
          <name>114</name>
          <color>#265270</color>
          <attributes>
          </attributes>
        </label>
        <label>
          <name>115</name>
          <color>#38aaa3</color>
          <attributes>
          </attributes>
        </label>
        <label>
          <name>116</name>
          <color>#78e8b2</color>
          <attributes>
          </attributes>
        </label>
        <label>
          <name>117</name>
          <color>#e4c2ec</color>
          <attributes>
          </attributes>
        </label>
        <label>
          <name>118</name>
          <color>#d36384</color>
          <attributes>
          </attributes>
        </label>
        <label>
          <name>119</name>
          <color>#0be17a</color>
          <attributes>
          </attributes>
        </label>
        <label>
          <name>120</name>
          <color>#fcbef9</color>
          <attributes>
          </attributes>
        </label>
        <label>
          <name>121</name>
          <color>#7d6841</color>
          <attributes>
          </attributes>
        </label>
        <label>
          <name>122</name>
          <color>#1a92be</color>
          <attributes>
          </attributes>
        </label>
        <label>
          <name>123</name>
          <color>#9e5985</color>
          <attributes>
          </attributes>
        </label>
        <label>
          <name>124</name>
          <color>#20a197</color>
          <attributes>
          </attributes>
        </label>
        <label>
          <name>125</name>
          <color>#722ee3</color>
          <attributes>
          </attributes>
        </label>
        <label>
          <name>126</name>
          <color>#306dab</color>
          <attributes>
          </attributes>
        </label>
        <label>
          <name>127</name>
          <color>#740e1c</color>
          <attributes>
          </attributes>
        </label>
        <label>
          <name>128</name>
          <color>#0f0f62</color>
          <attributes>
          </attributes>
        </label>
        <label>
          <name>129</name>
          <color>#d85832</color>
          <attributes>
          </attributes>
        </label>
        <label>
          <name>130</name>
          <color>#2ee437</color>
          <attributes>
          </attributes>
        </label>
        <label>
          <name>131</name>
          <color>#e08b5c</color>
          <attributes>
          </attributes>
        </label>
        <label>
          <name>132</name>
          <color>#762592</color>
          <attributes>
          </attributes>
        </label>
        <label>
          <name>133</name>
          <color>#8ae933</color>
          <attributes>
          </attributes>
        </label>
        <label>
          <name>134</name>
          <color>#7fcc3c</color>
          <attributes>
          </attributes>
        </label>
        <label>
          <name>135</name>
          <color>#42cd5a</color>
          <attributes>
          </attributes>
        </label>
        <label>
          <name>136</name>
          <color>#6b3fa4</color>
          <attributes>
          </attributes>
        </label>
        <label>
          <name>137</name>
          <color>#4b042f</color>
          <attributes>
          </attributes>
        </label>
        <label>
          <name>138</name>
          <color>#ace3ef</color>
          <attributes>
          </attributes>
        </label>
        <label>
          <name>139</name>
          <color>#f0c39a</color>
          <attributes>
          </attributes>
        </label>
        <label>
          <name>140</name>
          <color>#ee19e9</color>
          <attributes>
          </attributes>
        </label>
        <label>
          <name>141</name>
          <color>#b3b330</color>
          <attributes>
          </attributes>
        </label>
        <label>
          <name>142</name>
          <color>#c274a9</color>
          <attributes>
          </attributes>
        </label>
        <label>
          <name>143</name>
          <color>#320a6d</color>
          <attributes>
          </attributes>
        </label>
        <label>
          <name>144</name>
          <color>#a9f832</color>
          <attributes>
          </attributes>
        </label>
        <label>
          <name>145</name>
          <color>#1bb1bc</color>
          <attributes>
          </attributes>
        </label>
        <label>
          <name>146</name>
          <color>#e88192</color>
          <attributes>
          </attributes>
        </label>
        <label>
          <name>147</name>
          <color>#7d1e3e</color>
          <attributes>
          </attributes>
        </label>
        <label>
          <name>148</name>
          <color>#b02a18</color>
          <attributes>
          </attributes>
        </label>
        <label>
          <name>149</name>
          <color>#bc784f</color>
          <attributes>
          </attributes>
        </label>
        <label>
          <name>150</name>
          <color>#328a4e</color>
          <attributes>
          </attributes>
        </label>
        <label>
          <name>151</name>
          <color>#0fd8a6</color>
          <attributes>
          </attributes>
        </label>
        <label>
          <name>152</name>
          <color>#ab1391</color>
          <attributes>
          </attributes>
        </label>
        <label>
          <name>153</name>
          <color>#77e501</color>
          <attributes>
          </attributes>
        </label>
        <label>
          <name>154</name>
          <color>#497170</color>
          <attributes>
          </attributes>
        </label>
        <label>
          <name>155</name>
          <color>#2844c3</color>
          <attributes>
          </attributes>
        </label>
        <label>
          <name>156</name>
          <color>#d3e04e</color>
          <attributes>
          </attributes>
        </label>
        <label>
          <name>157</name>
          <color>#edc829</color>
          <attributes>
          </attributes>
        </label>
        <label>
          <name>158</name>
          <color>#5527bc</color>
          <attributes>
          </attributes>
        </label>
        <label>
          <name>159</name>
          <color>#df37e6</color>
          <attributes>
          </attributes>
        </label>
        <label>
          <name>160</name>
          <color>#f30373</color>
          <attributes>
          </attributes>
        </label>
        <label>
          <name>161</name>
          <color>#429836</color>
          <attributes>
          </attributes>
        </label>
        <label>
          <name>162</name>
          <color>#cee84d</color>
          <attributes>
          </attributes>
        </label>
        <label>
          <name>163</name>
          <color>#6a4ef2</color>
          <attributes>
          </attributes>
        </label>
        <label>
          <name>164</name>
          <color>#74345a</color>
          <attributes>
          </attributes>
        </label>
        <label>
          <name>165</name>
          <color>#e7b545</color>
          <attributes>
          </attributes>
        </label>
        <label>
          <name>166</name>
          <color>#069f67</color>
          <attributes>
          </attributes>
        </label>
        <label>
          <name>167</name>
          <color>#76312f</color>
          <attributes>
          </attributes>
        </label>
        <label>
          <name>168</name>
          <color>#1854c2</color>
          <attributes>
          </attributes>
        </label>
        <label>
          <name>169</name>
          <color>#8f3137</color>
          <attributes>
          </attributes>
        </label>
        <label>
          <name>170</name>
          <color>#f59d7d</color>
          <attributes>
          </attributes>
        </label>
        <label>
          <name>171</name>
          <color>#16e379</color>
          <attributes>
          </attributes>
        </label>
        <label>
          <name>172</name>
          <color>#af59ed</color>
          <attributes>
          </attributes>
        </label>
        <label>
          <name>173</name>
          <color>#2d8216</color>
          <attributes>
          </attributes>
        </label>
        <label>
          <name>174</name>
          <color>#b6db89</color>
          <attributes>
          </attributes>
        </label>
        <label>
          <name>175</name>
          <color>#cd49c9</color>
          <attributes>
          </attributes>
        </label>
        <label>
          <name>176</name>
          <color>#958904</color>
          <attributes>
          </attributes>
        </label>
        <label>
          <name>177</name>
          <color>#8709c1</color>
          <attributes>
          </attributes>
        </label>
        <label>
          <name>178</name>
          <color>#eeac61</color>
          <attributes>
          </attributes>
        </label>
        <label>
          <name>179</name>
          <color>#aa5ba6</color>
          <attributes>
          </attributes>
        </label>
        <label>
          <name>180</name>
          <color>#7c91de</color>
          <attributes>
          </attributes>
        </label>
        <label>
          <name>181</name>
          <color>#8dd8dc</color>
          <attributes>
          </attributes>
        </label>
        <label>
          <name>182</name>
          <color>#7c55ef</color>
          <attributes>
          </attributes>
        </label>
        <label>
          <name>183</name>
          <color>#b2ed1f</color>
          <attributes>
          </attributes>
        </label>
        <label>
          <name>184</name>
          <color>#8989f7</color>
          <attributes>
          </attributes>
        </label>
        <label>
          <name>185</name>
          <color>#71d65e</color>
          <attributes>
          </attributes>
        </label>
        <label>
          <name>186</name>
          <color>#416c0f</color>
          <attributes>
          </attributes>
        </label>
        <label>
          <name>187</name>
          <color>#f15fbc</color>
          <attributes>
          </attributes>
        </label>
        <label>
          <name>188</name>
          <color>#cf77a2</color>
          <attributes>
          </attributes>
        </label>
        <label>
          <name>189</name>
          <color>#54c9d0</color>
          <attributes>
          </attributes>
        </label>
        <label>
          <name>190</name>
          <color>#29efca</color>
          <attributes>
          </attributes>
        </label>
        <label>
          <name>191</name>
          <color>#93a487</color>
          <attributes>
          </attributes>
        </label>
        <label>
          <name>192</name>
          <color>#90cc42</color>
          <attributes>
          </attributes>
        </label>
        <label>
          <name>193</name>
          <color>#30faef</color>
          <attributes>
          </attributes>
        </label>
        <label>
          <name>194</name>
          <color>#32fc2d</color>
          <attributes>
          </attributes>
        </label>
        <label>
          <name>195</name>
          <color>#4ddeee</color>
          <attributes>
          </attributes>
        </label>
        <label>
          <name>196</name>
          <color>#13acff</color>
          <attributes>
          </attributes>
        </label>
        <label>
          <name>197</name>
          <color>#43047a</color>
          <attributes>
          </attributes>
        </label>
        <label>
          <name>198</name>
          <color>#677358</color>
          <attributes>
          </attributes>
        </label>
        <label>
          <name>199</name>
          <color>#c3161d</color>
          <attributes>
          </attributes>
        </label>
        <label>
          <name>200</name>
          <color>#f35a64</color>
          <attributes>
          </attributes>
        </label>
        <label>
          <name>201</name>
          <color>#a24346</color>
          <attributes>
          </attributes>
        </label>
        <label>
          <name>202</name>
          <color>#ac2d01</color>
          <attributes>
          </attributes>
        </label>
        <label>
          <name>203</name>
          <color>#ab863d</color>
          <attributes>
          </attributes>
        </label>
        <label>
          <name>204</name>
          <color>#e1198c</color>
          <attributes>
          </attributes>
        </label>
        <label>
          <name>205</name>
          <color>#2ac314</color>
          <attributes>
          </attributes>
        </label>
        <label>
          <name>206</name>
          <color>#d3d015</color>
          <attributes>
          </attributes>
        </label>
        <label>
          <name>207</name>
          <color>#56a72a</color>
          <attributes>
          </attributes>
        </label>
        <label>
          <name>208</name>
          <color>#256195</color>
          <attributes>
          </attributes>
        </label>
        <label>
          <name>209</name>
          <color>#026ddd</color>
          <attributes>
          </attributes>
        </label>
        <label>
          <name>210</name>
          <color>#8b45f2</color>
          <attributes>
          </attributes>
        </label>
        <label>
          <name>211</name>
          <color>#394483</color>
          <attributes>
          </attributes>
        </label>
        <label>
          <name>212</name>
          <color>#80dc7b</color>
          <attributes>
          </attributes>
        </label>
        <label>
          <name>213</name>
          <color>#51c11f</color>
          <attributes>
          </attributes>
        </label>
        <label>
          <name>214</name>
          <color>#294b9d</color>
          <attributes>
          </attributes>
        </label>
        <label>
          <name>215</name>
          <color>#f52168</color>
          <attributes>
          </attributes>
        </label>
        <label>
          <name>216</name>
          <color>#d9e1f0</color>
          <attributes>
          </attributes>
        </label>
        <label>
          <name>217</name>
          <color>#6e4b1c</color>
          <attributes>
          </attributes>
        </label>
        <label>
          <name>218</name>
          <color>#449760</color>
          <attributes>
          </attributes>
        </label>
        <label>
          <name>219</name>
          <color>#949d46</color>
          <attributes>
          </attributes>
        </label>
        <label>
          <name>220</name>
          <color>#e8baab</color>
          <attributes>
          </attributes>
        </label>
        <label>
          <name>221</name>
          <color>#3a28b0</color>
          <attributes>
          </attributes>
        </label>
        <label>
          <name>222</name>
          <color>#39f7c3</color>
          <attributes>
          </attributes>
        </label>
        <label>
          <name>223</name>
          <color>#5ad265</color>
          <attributes>
          </attributes>
        </label>
        <label>
          <name>224</name>
          <color>#6e49a4</color>
          <attributes>
          </attributes>
        </label>
        <label>
          <name>225</name>
          <color>#c3eb79</color>
          <attributes>
          </attributes>
        </label>
        <label>
          <name>226</name>
          <color>#a9a642</color>
          <attributes>
          </attributes>
        </label>
        <label>
          <name>227</name>
          <color>#54d419</color>
          <attributes>
          </attributes>
        </label>
        <label>
          <name>228</name>
          <color>#046ffd</color>
          <attributes>
          </attributes>
        </label>
        <label>
          <name>229</name>
          <color>#7b65b5</color>
          <attributes>
          </attributes>
        </label>
        <label>
          <name>230</name>
          <color>#c1bf79</color>
          <attributes>
          </attributes>
        </label>
        <label>
          <name>231</name>
          <color>#05cd6e</color>
          <attributes>
          </attributes>
        </label>
        <label>
          <name>232</name>
          <color>#ecd0f5</color>
          <attributes>
          </attributes>
        </label>
        <label>
          <name>233</name>
          <color>#47c23e</color>
          <attributes>
          </attributes>
        </label>
        <label>
          <name>234</name>
          <color>#1cc258</color>
          <attributes>
          </attributes>
        </label>
        <label>
          <name>235</name>
          <color>#da77bf</color>
          <attributes>
          </attributes>
        </label>
        <label>
          <name>236</name>
          <color>#61aed3</color>
          <attributes>
          </attributes>
        </label>
        <label>
          <name>237</name>
          <color>#1a3faa</color>
          <attributes>
          </attributes>
        </label>
        <label>
          <name>238</name>
          <color>#9a8bee</color>
          <attributes>
          </attributes>
        </label>
        <label>
          <name>239</name>
          <color>#04904b</color>
          <attributes>
          </attributes>
        </label>
        <label>
          <name>240</name>
          <color>#11bceb</color>
          <attributes>
          </attributes>
        </label>
        <label>
          <name>241</name>
          <color>#8bdc4e</color>
          <attributes>
          </attributes>
        </label>
        <label>
          <name>242</name>
          <color>#b7c1bd</color>
          <attributes>
          </attributes>
        </label>
        <label>
          <name>243</name>
          <color>#1372fd</color>
          <attributes>
          </attributes>
        </label>
        <label>
          <name>244</name>
          <color>#b53162</color>
          <attributes>
          </attributes>
        </label>
        <label>
          <name>245</name>
          <color>#fbc8c4</color>
          <attributes>
          </attributes>
        </label>
        <label>
          <name>246</name>
          <color>#b8d15f</color>
          <attributes>
          </attributes>
        </label>
        <label>
          <name>247</name>
          <color>#a74477</color>
          <attributes>
          </attributes>
        </label>
        <label>
          <name>248</name>
          <color>#1dabf4</color>
          <attributes>
          </attributes>
        </label>
        <label>
          <name>249</name>
          <color>#31297f</color>
          <attributes>
          </attributes>
        </label>
        <label>
          <name>250</name>
          <color>#b03971</color>
          <attributes>
          </attributes>
        </label>
        <label>
          <name>251</name>
          <color>#674a5b</color>
          <attributes>
          </attributes>
        </label>
        <label>
          <name>252</name>
          <color>#50900d</color>
          <attributes>
          </attributes>
        </label>
        <label>
          <name>253</name>
          <color>#6c23d2</color>
          <attributes>
          </attributes>
        </label>
        <label>
          <name>254</name>
          <color>#7ff58b</color>
          <attributes>
          </attributes>
        </label>
        <label>
          <name>255</name>
          <color>#3306a9</color>
          <attributes>
          </attributes>
        </label>
      </labels>
    </task>
    <dumped>2021-11-07 01:32:20.619545+00:00</dumped>
  </meta>
  <image id="4" name="000004.jpg" width="1024" height="768">
  </image>
  <image id="3" name="000003.jpg" width="1024" height="681">
  </image>
  <image id="2" name="000002.jpg" width="1024" height="679">
  </image>
  <image id="1" name="000001.jpg" width="1024" height="1024">
  </image>
  <image id="0" name="000000.jpg" width="683" height="1024">
  </image>
</annotations>
